{
  "knex": {
    "connection": {
      "database": "thesis_prod"
    },
    "debug": false,
    "pool": {
      "min": 2,
      "max": 10
    }
  },

  "passport": {
    "Google": {
      "clientID": "FILL_ME_IN",
      "clientSecret": "FILL_ME_IN",
      "callbackURL": "http://FILL_ME_IN/auth/google/callback"
    },

    "Facebook": {
      "clientID": "FILL_ME_IN",
      "clientSecret": "FILL_ME_IN",
      "callbackURL": "http://FILL_ME_IN/auth/facebook/callback"
    },

    "Twitter": {
      "consumerKey": "FILL_ME_IN",
      "consumerSecret": "FILL_ME_IN",
      "callbackURL": "http://FILL_ME_IN/auth/twitter/callback"
    }
  }
}